,IF,TF,e1,e2
1,0.01231,0.01694,0.085,0.052
2,0.02497,0.04041,0.19,0.12
3,0.04107,0.10825,0.325,0.238
